{
    "annotations": {
        "list": [
            {
                "builtIn": 1,
                "datasource": {
                    "type": "datasource",
                    "uid": "grafana"
                },
                "enable": true,
                "hide": true,
                "iconColor": "rgba(0, 211, 255, 1)",
                "name": "Annotations & Alerts",
                "target": {
                    "limit": 100,
                    "matchAny": false,
                    "tags": [],
                    "type": "dashboard"
                },
                "type": "dashboard"
            }
        ]
    },
    "description": "Enhanced Nginx Load Balancer Dashboard using JSON access logs with Loki v2+",
    "editable": true,
    "fiscalYearStartMonth": 0,
    "graphTooltip": 0,
    "id": 34,
    "links": [],
    "panels": [
        {
            "collapsed": false,
            "gridPos": {
                "h": 1,
                "w": 24,
                "x": 0,
                "y": 0
            },
            "id": 24,
            "panels": [],
            "title": "KPI's",
            "type": "row"
        },
        {
            "datasource": {
                "uid": "$datasource"
            },
            "description": "",
            "fieldConfig": {
                "defaults": {
                    "color": {
                        "mode": "thresholds"
                    },
                    "decimals": 0,
                    "mappings": [],
                    "thresholds": {
                        "mode": "absolute",
                        "steps": [
                            {
                                "color": "semi-dark-orange"
                            }
                        ]
                    },
                    "unit": "short"
                },
                "overrides": []
            },
            "gridPos": {
                "h": 3,
                "w": 4,
                "x": 0,
                "y": 1
            },
            "id": 31,
            "maxDataPoints": 1,
            "options": {
                "colorMode": "background",
                "graphMode": "none",
                "justifyMode": "auto",
                "orientation": "auto",
                "percentChangeColorMode": "standard",
                "reduceOptions": {
                    "calcs": ["sum"],
                    "fields": "",
                    "values": false
                },
                "showPercentChange": false,
                "text": {},
                "textMode": "auto",
                "wideLayout": true
            },
            "pluginVersion": "12.0.2",
            "targets": [
                {
                    "datasource": {
                        "uid": "$datasource"
                    },
                    "expr": "count_over_time({job=~\"$job\", host=~\"$host\"}[$__interval])",
                    "instant": true,
                    "range": false,
                    "refId": "A"
                }
            ],
            "title": "# NGINX log lines",
            "type": "stat"
        },
        {
            "datasource": {
                "uid": "$datasource"
            },
            "description": "",
            "fieldConfig": {
                "defaults": {
                    "color": {
                        "mode": "thresholds"
                    },
                    "mappings": [],
                    "thresholds": {
                        "mode": "percentage",
                        "steps": [
                            {
                                "color": "rgba(110, 157, 228, 0.76)"
                            },
                            {
                                "color": "rgba(73, 124, 202, 1)",
                                "value": 20
                            }
                        ]
                    },
                    "unit": "short"
                },
                "overrides": []
            },
            "gridPos": {
                "h": 12,
                "w": 6,
                "x": 4,
                "y": 1
            },
            "id": 5,
            "maxDataPoints": 20,
            "options": {
                "colorMode": "background",
                "graphMode": "area",
                "justifyMode": "auto",
                "orientation": "auto",
                "percentChangeColorMode": "standard",
                "reduceOptions": {
                    "calcs": ["sum"],
                    "fields": "",
                    "values": false
                },
                "showPercentChange": false,
                "text": {},
                "textMode": "auto",
                "wideLayout": true
            },
            "pluginVersion": "12.0.2",
            "targets": [
                {
                    "datasource": {
                        "uid": "$datasource"
                    },
                    "expr": "sum by (status) (count_over_time({job=~\"$job\", host=~\"$host\"} | json | __error__=\"\" [$__interval]))",
                    "instant": false,
                    "legendFormat": "HTTP Status: {% raw %}{{status}}{% endraw %}",
                    "range": true,
                    "refId": "A"
                }
            ],
            "title": "Requests per status code",
            "type": "stat"
        },
        {
            "datasource": {
                "uid": "$datasource"
            },
            "description": "",
            "fieldConfig": {
                "defaults": {
                    "color": {
                        "mode": "thresholds"
                    },
                    "mappings": [],
                    "thresholds": {
                        "mode": "absolute",
                        "steps": [
                            {
                                "color": "purple"
                            }
                        ]
                    },
                    "unit": "decbytes"
                },
                "overrides": []
            },
            "gridPos": {
                "h": 4,
                "w": 3,
                "x": 10,
                "y": 1
            },
            "id": 8,
            "maxDataPoints": 1,
            "options": {
                "colorMode": "background",
                "graphMode": "none",
                "justifyMode": "center",
                "orientation": "auto",
                "percentChangeColorMode": "standard",
                "reduceOptions": {
                    "calcs": ["sum"],
                    "fields": "",
                    "values": false
                },
                "showPercentChange": false,
                "text": {},
                "textMode": "value",
                "wideLayout": true
            },
            "pluginVersion": "12.0.2",
            "targets": [
                {
                    "datasource": {
                        "uid": "$datasource"
                    },
                    "expr": "sum by (host) (sum_over_time({job=~\"$job\", host=~\"$host\"} | json | unwrap body_bytes_sent | __error__=\"\" [$__interval]))",
                    "instant": true,
                    "legendFormat": "Bytes sent",
                    "range": false,
                    "refId": "A"
                }
            ],
            "title": "Total Bytes Sent",
            "type": "stat"
        },
        {
            "datasource": {
                "uid": "$datasource"
            },
            "description": "",
            "fieldConfig": {
                "defaults": {
                    "color": {
                        "mode": "thresholds"
                    },
                    "mappings": [],
                    "thresholds": {
                        "mode": "absolute",
                        "steps": [
                            {
                                "color": "purple"
                            }
                        ]
                    }
                },
                "overrides": []
            },
            "gridPos": {
                "h": 4,
                "w": 3,
                "x": 13,
                "y": 1
            },
            "id": 22,
            "interval": "5m",
            "options": {
                "colorMode": "background",
                "graphMode": "none",
                "justifyMode": "auto",
                "orientation": "auto",
                "percentChangeColorMode": "standard",
                "reduceOptions": {
                    "calcs": ["mean"],
                    "fields": "",
                    "values": false
                },
                "showPercentChange": false,
                "text": {},
                "textMode": "value",
                "wideLayout": true
            },
            "pluginVersion": "12.0.2",
            "targets": [
                {
                    "datasource": {
                        "uid": "$datasource"
                    },
                    "expr": "count(sum by (remote_addr) (count_over_time({job=~\"$job\", host=~\"$host\"} | json | __error__=\"\" [$__interval])))",
                    "instant": true,
                    "legendFormat": "",
                    "range": false,
                    "refId": "A"
                }
            ],
            "timeFrom": "5m",
            "title": "Realtime visitors",
            "type": "stat"
        },
        {
            "datasource": {
                "uid": "$datasource"
            },
            "description": "",
            "fieldConfig": {
                "defaults": {
                    "color": {
                        "mode": "thresholds"
                    },
                    "decimals": 1,
                    "mappings": [],
                    "max": 100,
                    "min": 0,
                    "thresholds": {
                        "mode": "absolute",
                        "steps": [
                            {
                                "color": "purple"
                            },
                            {
                                "color": "red",
                                "value": 80
                            }
                        ]
                    },
                    "unit": "percent"
                },
                "overrides": []
            },
            "gridPos": {
                "h": 4,
                "w": 2,
                "x": 16,
                "y": 1
            },
            "hideTimeOverride": true,
            "id": 19,
            "maxDataPoints": 1,
            "options": {
                "colorMode": "background",
                "graphMode": "none",
                "justifyMode": "center",
                "orientation": "auto",
                "percentChangeColorMode": "standard",
                "reduceOptions": {
                    "calcs": ["max"],
                    "fields": "",
                    "values": false
                },
                "showPercentChange": false,
                "text": {},
                "textMode": "value",
                "wideLayout": true
            },
            "pluginVersion": "12.0.2",
            "targets": [
                {
                    "datasource": {
                        "uid": "$datasource"
                    },
                    "expr": "sum(count_over_time({job=~\"$job\", host=~\"$host\"} | json | status >= 500 | __error__=\"\"[$__interval])) / (sum(count_over_time({job=~\"$job\", host=~\"$host\"} | json | __error__=\"\"[$__interval]))/ 100)",
                    "instant": false,
                    "legendFormat": "",
                    "range": true,
                    "refId": "A"
                }
            ],
            "timeFrom": "1h",
            "title": "% 5xx",
            "type": "stat"
        },
        {
            "datasource": {
                "uid": "$datasource"
            },
            "description": "Average upstream response time in milliseconds",
            "fieldConfig": {
                "defaults": {
                    "color": {
                        "mode": "thresholds"
                    },
                    "mappings": [],
                    "thresholds": {
                        "mode": "absolute",
                        "steps": [
                            {
                                "color": "green"
                            },
                            {
                                "color": "yellow",
                                "value": 100
                            },
                            {
                                "color": "red",
                                "value": 300
                            }
                        ]
                    },
                    "unit": "ms"
                },
                "overrides": []
            },
            "gridPos": {
                "h": 4,
                "w": 6,
                "x": 18,
                "y": 1
            },
            "id": 36,
            "options": {
                "colorMode": "background",
                "graphMode": "none",
                "justifyMode": "center",
                "orientation": "auto",
                "percentChangeColorMode": "standard",
                "reduceOptions": {
                    "calcs": ["lastNotNull"],
                    "fields": "",
                    "values": false
                },
                "showPercentChange": false,
                "text": {},
                "textMode": "value",
                "wideLayout": true
            },
            "pluginVersion": "12.0.2",
            "targets": [
                {
                    "datasource": {
                        "uid": "$datasource"
                    },
                    "expr": "avg(avg_over_time({job=~\"$job\", host=~\"$host\"} | json | unwrap upstream_response_time | __error__=\"\" [5m])) * 1000",
                    "refId": "A"
                }
            ],
            "title": "Upstream Avg",
            "type": "stat"
        },
        {
            "datasource": {
                "uid": "$datasource"
            },
            "description": "",
            "fieldConfig": {
                "defaults": {
                    "color": {
                        "mode": "thresholds"
                    },
                    "decimals": 0,
                    "mappings": [],
                    "thresholds": {
                        "mode": "absolute",
                        "steps": [
                            {
                                "color": "semi-dark-orange"
                            }
                        ]
                    },
                    "unit": "decbytes"
                },
                "overrides": []
            },
            "gridPos": {
                "h": 3,
                "w": 4,
                "x": 0,
                "y": 4
            },
            "id": 30,
            "maxDataPoints": 1,
            "options": {
                "colorMode": "background",
                "graphMode": "none",
                "justifyMode": "auto",
                "orientation": "auto",
                "percentChangeColorMode": "standard",
                "reduceOptions": {
                    "calcs": ["sum"],
                    "fields": "",
                    "values": false
                },
                "showPercentChange": false,
                "text": {},
                "textMode": "auto",
                "wideLayout": true
            },
            "pluginVersion": "12.0.2",
            "targets": [
                {
                    "datasource": {
                        "uid": "$datasource"
                    },
                    "expr": "bytes_over_time({job=~\"$job\", host=~\"$host\"}[$__interval])",
                    "instant": true,
                    "legendFormat": "$host",
                    "range": false,
                    "refId": "A"
                }
            ],
            "title": "NGINX logs in bytes",
            "type": "stat"
        },
        {
            "datasource": {
                "uid": "$datasource"
            },
            "description": "",
            "fieldConfig": {
                "defaults": {},
                "overrides": []
            },
            "gridPos": {
                "h": 8,
                "w": 14,
                "x": 10,
                "y": 5
            },
            "id": 11,
            "options": {
                "dedupStrategy": "signature",
                "enableInfiniteScrolling": false,
                "enableLogDetails": true,
                "prettifyLogMessage": false,
                "showCommonLabels": false,
                "showLabels": false,
                "showTime": true,
                "sortOrder": "Descending",
                "wrapLogMessage": true
            },
            "pluginVersion": "12.0.2",
            "targets": [
                {
                    "datasource": {
                        "uid": "$datasource"
                    },
                    "direction": "backward",
                    "editorMode": "code",
                    "expr": "{job=~\"$job\", host=~\"$host\"} | json | line_format \"[{% raw %}{{.geoip_country_code}}{% endraw %}] {% raw %}{{.remote_addr}}{% endraw %} {% raw %}{{.request_method}}{% endraw %} {% raw %}{{.request_uri}}{% endraw %} {% raw %}{{.status}}{% endraw %} ({% raw %}{{.body_bytes_sent}}{% endraw %}B) {% raw %}{{.request_time}}{% endraw %}s\"",
                    "legendFormat": "",
                    "maxLines": 5000,
                    "queryType": "range",
                    "refId": "A"
                }
            ],
            "title": "Recent requests",
            "type": "logs"
        },
        {
            "datasource": {
                "uid": "$datasource"
            },
            "description": "",
            "fieldConfig": {
                "defaults": {
                    "color": {
                        "mode": "thresholds"
                    },
                    "mappings": [],
                    "thresholds": {
                        "mode": "absolute",
                        "steps": [
                            {
                                "color": "purple"
                            }
                        ]
                    },
                    "unit": "short"
                },
                "overrides": []
            },
            "gridPos": {
                "h": 6,
                "w": 4,
                "x": 0,
                "y": 7
            },
            "hideTimeOverride": false,
            "id": 4,
            "maxDataPoints": 300,
            "options": {
                "colorMode": "background",
                "graphMode": "area",
                "justifyMode": "center",
                "orientation": "auto",
                "percentChangeColorMode": "standard",
                "reduceOptions": {
                    "calcs": ["sum"],
                    "fields": "",
                    "values": false
                },
                "showPercentChange": false,
                "text": {},
                "textMode": "value",
                "wideLayout": true
            },
            "pluginVersion": "12.0.2",
            "targets": [
                {
                    "datasource": {
                        "uid": "$datasource"
                    },
                    "expr": "sum by(host) (count_over_time({job=~\"$job\", host=~\"$host\"}[$__interval]))  ",
                    "legendFormat": "",
                    "refId": "A"
                }
            ],
            "timeFrom": "24h",
            "title": "Total requests",
            "type": "stat"
        },
        {
            "datasource": {
                "uid": "$datasource"
            },
            "description": "",
            "fieldConfig": {
                "defaults": {
                    "color": {
                        "mode": "thresholds"
                    },
                    "custom": {
                        "hideFrom": {
                            "legend": false,
                            "tooltip": false,
                            "viz": false
                        }
                    },
                    "mappings": [],
                    "thresholds": {
                        "mode": "absolute",
                        "steps": [
                            {
                                "color": "#96D98D"
                            },
                            {
                                "color": "#73BF69",
                                "value": 5
                            },
                            {
                                "color": "#56A64B",
                                "value": 10
                            }
                        ]
                    }
                },
                "overrides": []
            },
            "gridPos": {
                "h": 11,
                "w": 24,
                "x": 0,
                "y": 13
            },
            "id": 14,
            "maxDataPoints": 1,
            "options": {
                "basemap": {
                    "config": {
                        "server": "streets"
                    },
                    "name": "Layer 0",
                    "type": "esri-xyz"
                },
                "controls": {
                    "mouseWheelZoom": false,
                    "showAttribution": true,
                    "showDebug": false,
                    "showMeasure": false,
                    "showScale": false,
                    "showZoom": true
                },
                "layers": [
                    {
                        "config": {
                            "color": {
                                "fixed": "semi-dark-blue"
                            },
                            "fillOpacity": 0.3,
                            "shape": "circle",
                            "showLegend": true,
                            "size": {
                                "field": "Value",
                                "fixed": 5,
                                "max": 50,
                                "min": 10
                            },
                            "style": {
                                "color": {
                                    "fixed": "purple"
                                },
                                "size": {
                                    "field": "Total",
                                    "fixed": 5,
                                    "max": 40,
                                    "min": 10
                                }
                            }
                        },
                        "location": {
                            "lookup": "Field",
                            "mode": "lookup"
                        },
                        "name": "Layer 1",
                        "type": "markers"
                    }
                ],
                "tooltip": {
                    "mode": "details"
                },
                "view": {
                    "allLayers": true,
                    "id": "zero",
                    "lat": -5,
                    "lon": 120,
                    "zoom": 3
                }
            },
            "pluginVersion": "12.0.2",
            "targets": [
                {
                    "datasource": {
                        "uid": "$datasource"
                    },
                    "expr": "sum by (geoip_country_code) (count_over_time({job=~\"$job\", host=~\"$host\"} | json | geoip_country_code != \"\" | __error__=\"\" [$__interval]))",
                    "instant": false,
                    "legendFormat": "{% raw %}{{geoip_country_code}}{% endraw %}",
                    "range": true,
                    "refId": "A"
                }
            ],
            "title": "Requests per Country",
            "transformations": [
                {
                    "id": "reduce",
                    "options": {
                        "reducers": ["sum"]
                    }
                }
            ],
            "type": "geomap"
        },
        {
            "collapsed": false,
            "gridPos": {
                "h": 1,
                "w": 24,
                "x": 0,
                "y": 24
            },
            "id": 26,
            "panels": [],
            "title": "Request statistics over time",
            "type": "row"
        },
        {
            "datasource": {
                "uid": "$datasource"
            },
            "description": "",
            "fieldConfig": {
                "defaults": {
                    "color": {
                        "mode": "palette-classic"
                    },
                    "custom": {
                        "axisBorderShow": false,
                        "axisCenteredZero": false,
                        "axisColorMode": "text",
                        "axisLabel": "",
                        "axisPlacement": "auto",
                        "barAlignment": 0,
                        "barWidthFactor": 0.6,
                        "drawStyle": "line",
                        "fillOpacity": 40,
                        "gradientMode": "hue",
                        "hideFrom": {
                            "legend": false,
                            "tooltip": false,
                            "viz": false
                        },
                        "insertNulls": false,
                        "lineInterpolation": "smooth",
                        "lineWidth": 1,
                        "pointSize": 5,
                        "scaleDistribution": {
                            "log": 2,
                            "type": "log"
                        },
                        "showPoints": "never",
                        "spanNulls": false,
                        "stacking": {
                            "group": "A",
                            "mode": "none"
                        },
                        "thresholdsStyle": {
                            "mode": "area"
                        }
                    },
                    "mappings": [],
                    "thresholds": {
                        "mode": "absolute",
                        "steps": [
                            {
                                "color": "green"
                            },
                            {
                                "color": "#EAB839",
                                "value": 0.2
                            },
                            {
                                "color": "red",
                                "value": 0.3
                            }
                        ]
                    },
                    "unit": "s"
                },
                "overrides": [
                    {
                        "matcher": {
                            "id": "byName",
                            "options": "95th percentile"
                        },
                        "properties": [
                            {
                                "id": "color",
                                "value": {
                                    "fixedColor": "blue",
                                    "mode": "fixed"
                                }
                            }
                        ]
                    },
                    {
                        "matcher": {
                            "id": "byName",
                            "options": "upstream 95th"
                        },
                        "properties": [
                            {
                                "id": "color",
                                "value": {
                                    "fixedColor": "orange",
                                    "mode": "fixed"
                                }
                            }
                        ]
                    },
                    {
                        "matcher": {
                            "id": "byName",
                            "options": "total avg"
                        },
                        "properties": [
                            {
                                "id": "color",
                                "value": {
                                    "fixedColor": "green",
                                    "mode": "fixed"
                                }
                            }
                        ]
                    }
                ]
            },
            "gridPos": {
                "h": 9,
                "w": 8,
                "x": 0,
                "y": 25
            },
            "id": 16,
            "maxDataPoints": 50,
            "options": {
                "legend": {
                    "calcs": [],
                    "displayMode": "list",
                    "placement": "bottom",
                    "showLegend": true
                },
                "tooltip": {
                    "hideZeros": false,
                    "mode": "single",
                    "sort": "none"
                }
            },
            "pluginVersion": "12.0.2",
            "targets": [
                {
                    "datasource": {
                        "uid": "$datasource"
                    },
                    "expr": "quantile_over_time(0.95,{job=~\"$job\", host=~\"$host\"} | json | unwrap request_time | __error__=\"\"  [$__interval]) by (host)",
                    "legendFormat": "95th percentile",
                    "refId": "C"
                },
                {
                    "datasource": {
                        "uid": "$datasource"
                    },
                    "expr": "quantile_over_time(0.95,{job=~\"$job\", host=~\"$host\"} | json | unwrap upstream_response_time | __error__=\"\"  [$__interval]) by (host)",
                    "legendFormat": "upstream 95th",
                    "refId": "D"
                },
                {
                    "datasource": {
                        "uid": "$datasource"
                    },
                    "expr": "avg_over_time({job=~\"$job\", host=~\"$host\"} | json | unwrap request_time | __error__=\"\"  [$__interval]) by (host)",
                    "legendFormat": "total avg",
                    "refId": "A"
                }
            ],
            "title": "Response Time Analysis",
            "type": "timeseries"
        },
        {
            "datasource": {
                "uid": "$datasource"
            },
            "description": "",
            "fieldConfig": {
                "defaults": {
                    "color": {
                        "mode": "palette-classic"
                    },
                    "custom": {
                        "axisBorderShow": false,
                        "axisCenteredZero": false,
                        "axisColorMode": "text",
                        "axisLabel": "",
                        "axisPlacement": "auto",
                        "barAlignment": 0,
                        "barWidthFactor": 0.6,
                        "drawStyle": "line",
                        "fillOpacity": 39,
                        "gradientMode": "hue",
                        "hideFrom": {
                            "legend": false,
                            "tooltip": false,
                            "viz": false
                        },
                        "insertNulls": false,
                        "lineInterpolation": "smooth",
                        "lineWidth": 1,
                        "pointSize": 5,
                        "scaleDistribution": {
                            "log": 2,
                            "type": "log"
                        },
                        "showPoints": "never",
                        "spanNulls": true,
                        "stacking": {
                            "group": "A",
                            "mode": "none"
                        },
                        "thresholdsStyle": {
                            "mode": "off"
                        }
                    },
                    "decimals": 0,
                    "mappings": [],
                    "thresholds": {
                        "mode": "absolute",
                        "steps": [
                            {
                                "color": "green"
                            },
                            {
                                "color": "red",
                                "value": 80
                            }
                        ]
                    },
                    "unit": "short"
                },
                "overrides": [
                    {
                        "matcher": {
                            "id": "byName",
                            "options": "HTTP Status 200"
                        },
                        "properties": [
                            {
                                "id": "color",
                                "value": {
                                    "fixedColor": "semi-dark-blue",
                                    "mode": "fixed"
                                }
                            }
                        ]
                    },
                    {
                        "matcher": {
                            "id": "byName",
                            "options": "HTTP Status 404"
                        },
                        "properties": [
                            {
                                "id": "color",
                                "value": {
                                    "fixedColor": "light-orange",
                                    "mode": "fixed"
                                }
                            }
                        ]
                    },
                    {
                        "matcher": {
                            "id": "byName",
                            "options": "HTTP Status 500"
                        },
                        "properties": [
                            {
                                "id": "color",
                                "value": {
                                    "fixedColor": "dark-red",
                                    "mode": "fixed"
                                }
                            }
                        ]
                    },
                    {
                        "matcher": {
                            "id": "byName",
                            "options": "HTTP Status 301"
                        },
                        "properties": [
                            {
                                "id": "color",
                                "value": {
                                    "fixedColor": "light-blue",
                                    "mode": "fixed"
                                }
                            }
                        ]
                    }
                ]
            },
            "gridPos": {
                "h": 9,
                "w": 8,
                "x": 8,
                "y": 25
            },
            "id": 2,
            "maxDataPoints": 50,
            "options": {
                "legend": {
                    "calcs": [],
                    "displayMode": "list",
                    "placement": "bottom",
                    "showLegend": true
                },
                "tooltip": {
                    "hideZeros": false,
                    "mode": "single",
                    "sort": "none"
                }
            },
            "pluginVersion": "12.0.2",
            "targets": [
                {
                    "datasource": {
                        "uid": "$datasource"
                    },
                    "expr": "sum by (status) (count_over_time({job=~\"$job\", host=~\"$host\"} | json | __error__=\"\" [$__interval]))",
                    "legendFormat": "HTTP Status {% raw %}{{status}}{% endraw %}",
                    "refId": "A"
                }
            ],
            "title": "HTTP status codes over time",
            "type": "timeseries"
        },
        {
            "datasource": {
                "uid": "$datasource"
            },
            "description": "Requests per second rate based on log count",
            "fieldConfig": {
                "defaults": {
                    "color": {
                        "mode": "palette-classic"
                    },
                    "custom": {
                        "axisBorderShow": false,
                        "axisCenteredZero": false,
                        "axisColorMode": "text",
                        "axisLabel": "",
                        "axisPlacement": "auto",
                        "barAlignment": 0,
                        "barWidthFactor": 0.6,
                        "drawStyle": "line",
                        "fillOpacity": 30,
                        "gradientMode": "hue",
                        "hideFrom": {
                            "legend": false,
                            "tooltip": false,
                            "viz": false
                        },
                        "insertNulls": false,
                        "lineInterpolation": "smooth",
                        "lineWidth": 2,
                        "pointSize": 5,
                        "scaleDistribution": {
                            "type": "linear"
                        },
                        "showPoints": "never",
                        "spanNulls": false,
                        "stacking": {
                            "group": "A",
                            "mode": "none"
                        },
                        "thresholdsStyle": {
                            "mode": "off"
                        }
                    },
                    "mappings": [],
                    "thresholds": {
                        "mode": "absolute",
                        "steps": [
                            {
                                "color": "green"
                            },
                            {
                                "color": "red",
                                "value": 100
                            }
                        ]
                    },
                    "unit": "reqps"
                },
                "overrides": [
                    {
                        "matcher": {
                            "id": "byName",
                            "options": "Request Rate"
                        },
                        "properties": [
                            {
                                "id": "color",
                                "value": {
                                    "fixedColor": "purple",
                                    "mode": "fixed"
                                }
                            }
                        ]
                    }
                ]
            },
            "gridPos": {
                "h": 9,
                "w": 8,
                "x": 16,
                "y": 25
            },
            "id": 39,
            "maxDataPoints": 50,
            "options": {
                "legend": {
                    "calcs": [],
                    "displayMode": "list",
                    "placement": "bottom",
                    "showLegend": true
                },
                "tooltip": {
                    "hideZeros": false,
                    "mode": "single",
                    "sort": "none"
                }
            },
            "pluginVersion": "12.0.2",
            "targets": [
                {
                    "datasource": {
                        "uid": "$datasource"
                    },
                    "expr": "sum(count_over_time({job=~\"$job\", host=~\"$host\"} | json | __error__=\"\" [$__interval])) / 60",
                    "legendFormat": "Request Rate",
                    "refId": "A"
                }
            ],
            "title": "Request Rate/s",
            "type": "timeseries"
        }
    ],
    "preload": false,
    "refresh": "30s",
    "schemaVersion": 41,
    "tags": ["loki", "nginx", "load-balancer", "enhanced"],
    "templating": {
        "list": [
            {
                "current": {
                    "text": "Logs",
                    "value": "ceqsxgrffljb4c"
                },
                "includeAll": false,
                "label": "Datasource",
                "name": "datasource",
                "options": [],
                "query": "loki",
                "refresh": 1,
                "regex": "",
                "type": "datasource"
            },
            {
                "allValue": ".*",
                "current": {
                    "text": "nginx",
                    "value": "nginx"
                },
                "datasource": {
                    "type": "loki",
                    "uid": "$datasource"
                },
                "definition": "label_values(job)",
                "includeAll": false,
                "label": "Job",
                "name": "job",
                "options": [],
                "query": "label_values(job)",
                "refresh": 2,
                "regex": "",
                "sort": 1,
                "type": "query"
            },
            {
                "allValue": ".*",
                "current": {
                    "text": "load-balancer",
                    "value": "load-balancer"
                },
                "datasource": {
                    "type": "loki",
                    "uid": "$datasource"
                },
                "definition": "label_values({job=~\"$job\"}, host)",
                "includeAll": false,
                "label": "Host",
                "name": "host",
                "options": [],
                "query": "label_values({job=~\"$job\"}, host)",
                "refresh": 2,
                "regex": "",
                "sort": 1,
                "type": "query"
            }
        ]
    },
    "time": {
        "from": "now-1h",
        "to": "now"
    },
    "timepicker": {
        "refresh_intervals": ["10s", "30s", "1m", "5m", "15m", "30m", "1h", "2h", "1d"]
    },
    "timezone": "",
    "title": "Enhanced Nginx Load Balancer Dashboard",
    "uid": "nginx-lb-enhanced",
    "version": 1
}
